"int","epi","idp"
0.683,0.12,0.07
0.585,0.138,0.058
0.348,0.112,0.038
0.494,0.089,0.041
0.742,0.136,0.083
0.6,0.141,0.085
0.441,0.091,0.06
0.795,0.132,0.097
0.799,0.178,0.13
0.721,0.183,0.164
0.799,0.18,0.146
0.879,0.222,0.164
0.838,0.211,0.168
0.772,0.212,0.179
0.875,0.213,0.111
0.878,0.227,0.135
0.853,0.262,0.194
0.86,0.236,0.186
0.895,0.231,0.165
0.864,0.244,0.207
0.768,0.206,0.149
0.846,0.178,0.16
0.823,0.164,0.165
0.729,0.144,0.091
0.774,0.151,0.098
0.695,0.133,0.087
0.685,0.124,0.07
0.65,0.135,0.083
0.564,0.153,0.052
0.681,0.138,0.047
0.41,0.126,0.021
0.331,0.162,0.022
0.256,0.131,0.02
0.256,0.101,0.024
0.305,0.101,0.032
0.148,0.099,0.04
0.076,0.044,0.038
0.259,0.13,0.082
0.004,0.009,0.008
0.085,0.072,0.031
0.192,0.099,0.066
0.006,0.003,0.011
0.046,0.048,0.025
0.208,0.129,0.064
0.186,0.082,0.069
0.004,0.002,0.008
0.239,0.107,0.062
0.478,0.227,0.139
0.253,0.11,0.07
0.072,0.036,0.026
0.51,0.281,0.126
0.444,0.283,0.105
0.431,0.281,0.12
0.269,0.21,0.05
0.334,0.243,0.046
0.031,0.033,0.018
0.514,0.208,0.149
0.404,0.18,0.092
0.255,0.054,0.055
0.29,0.13,0.104
0.051,0.041,0.044
0.022,0.012,0.028
0.012,0.018,0.013
0.001,0.001,0.001
0.131,0.155,0.067
0.042,0.055,0.024
0.175,0.167,0.067
0.161,0.183,0.064
0.063,0.081,0.039
0.209,0.135,0.045
0.162,0.133,0.061
0.078,0.081,0.067
0.251,0.115,0.093
0.068,0.027,0.039
0.004,0.005,0.016
0.021,0.015,0.108
0.009,0.005,0.177
0,0,0.006
0.001,0.001,0.034
0.006,0.004,0.018
0.048,0.014,0.04
0.014,0.004,0.018
0.018,0.023,0.028
0.035,0.02,0.027
0.016,0.011,0.017
0.003,0.005,0.008
0.011,0.014,0.02
0.034,0.037,0.022
0.038,0.032,0.044
0.038,0.019,0.028
0.039,0.028,0.031
0.037,0.037,0.023
0.055,0.088,0.031
0.025,0.012,0.016
0.176,0.066,0.056
0.105,0.033,0.047
0.071,0.041,0.036
0.175,0.084,0.045
0.196,0.076,0.056
0.305,0.182,0.061
0.292,0.162,0.042
0.066,0.019,0.019
0.014,0.004,0.009
0.015,0.005,0.029
0.008,0.003,0.016
0.009,0.004,0.038
0.003,0.002,0.014
0.001,0,0.015
0,0,0.002
0.058,0.06,0.118
0.077,0.045,0.071
0.207,0.116,0.1
0.152,0.116,0.079
0.103,0.092,0.119
0.053,0.074,0.159
0.203,0.128,0.136
0.082,0.124,0.114
0.24,0.125,0.128
0.437,0.259,0.163
0.185,0.272,0.121
0.002,0.006,0.018
0.047,0.058,0.083
0.429,0.441,0.237
0.27,0.324,0.191
0.303,0.258,0.17
0.209,0.156,0.178
0.235,0.324,0.215
0.096,0.12,0.267
0,0.001,0.006
0.002,0.002,0.026
0.023,0.021,0.313
0.006,0.006,0.056
0.019,0.01,0.235
0,0,0.006
0,0,0.003
0.005,0.004,0.016
0.001,0.001,0.002
0.003,0.003,0.004
0.009,0.008,0.008
0.063,0.068,0.027
0.064,0.108,0.034
0.168,0.171,0.038
0.034,0.069,0.024
0.041,0.086,0.034
0.01,0.024,0.012
0.043,0.122,0.029
0.062,0.171,0.026
0,0,0
0,0,0
0.064,0.143,0.034
0.043,0.062,0.027
0,0,0.001
0.025,0.055,0.025
0.11,0.158,0.056
0.012,0.007,0.013
0.004,0.003,0.01
0.02,0.034,0.024
0.081,0.112,0.045
0.184,0.143,0.06
0.075,0.041,0.042
0.037,0.056,0.02
0.009,0.018,0.011
0.034,0.055,0.026
0.022,0.048,0.026
0.052,0.081,0.035
0.144,0.088,0.05
0.005,0.006,0.008
0.262,0.133,0.125
0.001,0.003,0.003
0.011,0.011,0.044
0.063,0.103,0.071
0.024,0.088,0.075
0.157,0.254,0.137
0.054,0.138,0.073
0.088,0.206,0.087
0.128,0.295,0.132
0.122,0.376,0.082
0.08,0.195,0.081
0.074,0.177,0.053
0.08,0.204,0.095
0.094,0.191,0.106
0.077,0.131,0.096
0.011,0.025,0.022
0.06,0.088,0.064
0.03,0.092,0.03
0,0,0.001
0.098,0.097,0.074
0.057,0.096,0.038
0.007,0.026,0.007
0.003,0.006,0.007
0.081,0.112,0.051
0.029,0.084,0.016
0.013,0.039,0.015
0.034,0.082,0.019
0.038,0.057,0.036
0.087,0.11,0.058
0.151,0.137,0.068
0.208,0.158,0.083
0.195,0.145,0.107
0.161,0.113,0.085
0.224,0.206,0.198
0.233,0.216,0.161
0.262,0.284,0.209
0.105,0.194,0.102
0.111,0.187,0.111
0.086,0.299,0.122
0.287,0.381,0.184
0.016,0.029,0.047
0.04,0.115,0.119
0.019,0.051,0.215
0.031,0.054,0.119
0.018,0.022,0.084
0.062,0.047,0.065
0.133,0.103,0.083
0.085,0.109,0.054
0.024,0.039,0.033
0.009,0.02,0.037
0.006,0.018,0.035
0.011,0.021,0.038
0.01,0.033,0.057
0.005,0.015,0.039
0.001,0.001,0.003
0.084,0.087,0.081
0.001,0.001,0.001
0.22,0.078,0.111
0.053,0.038,0.035
0.154,0.087,0.106
0.242,0.122,0.079
0.443,0.124,0.187
0.121,0.099,0.044
0.228,0.114,0.071
0.312,0.14,0.08
0.468,0.172,0.144
0.461,0.169,0.144
0.388,0.152,0.165
0.494,0.183,0.161
0.463,0.163,0.206
0.236,0.112,0.125
0.176,0.186,0.128
0.019,0.009,0.033
0.006,0.006,0.042
0.009,0.011,0.116
0,0,0.001
0.001,0.002,0.033
0.001,0.002,0.014
0.002,0.008,0.024
0.041,0.071,0.087
0.04,0.07,0.071
0.019,0.031,0.032
0.048,0.073,0.058
0.078,0.125,0.056
0.15,0.14,0.065
0.102,0.154,0.048
0.076,0.135,0.069
0.071,0.144,0.047
0.064,0.123,0.078
0.068,0.135,0.045
0.061,0.113,0.055
0.027,0.069,0.03
0.057,0.082,0.03
0.074,0.12,0.031
0.078,0.123,0.064
0.016,0.028,0.02
0.002,0.003,0.005
0.002,0.003,0.035
0.001,0,0.011
0.005,0.002,0.087
0.004,0.002,0.034
0.03,0.022,0.196
0.001,0.001,0.004
0.006,0.008,0.078
0.286,0.179,0.412
0.002,0.001,0.006
0.001,0.002,0.002
0.021,0.012,0.026
0.031,0.025,0.023
0.012,0.012,0.011
0.039,0.05,0.017
0.062,0.069,0.026
0.255,0.182,0.089
0.264,0.186,0.077
0.213,0.151,0.088
0.045,0.074,0.124
0.037,0.052,0.114
0.14,0.129,0.101
0.012,0.013,0.011
0.046,0.042,0.02
0.009,0.009,0.019
0.005,0.002,0.018
0.104,0.113,0.06
0.052,0.054,0.026
0.001,0.002,0.001
0.08,0.063,0.081
0.495,0.309,0.167
0.064,0.081,0.019
0.002,0.001,0.004
0.46,0.289,0.105
0.302,0.213,0.059
0.127,0.08,0.019
0.054,0.053,0.016
0.272,0.178,0.046
0.1,0.096,0.027
0.198,0.179,0.045
0.32,0.227,0.08
0.315,0.219,0.135
0.352,0.281,0.087
0.312,0.255,0.108
0.425,0.294,0.094
0.428,0.32,0.149
0.419,0.314,0.137
0.465,0.334,0.114
0.476,0.318,0.089
0.203,0.168,0.084
0.307,0.214,0.07
0.221,0.209,0.076
0.392,0.334,0.203
0.104,0.107,0.032
0.121,0.089,0.055
0.247,0.205,0.133
0.004,0.003,0.009
0.019,0.025,0.049
0.087,0.125,0.139
0.006,0.008,0.027
0,0,0
0.002,0.001,0.012
0,0,0.004
0,0,0.005
0,0,0.001
0.001,0.001,0.016
0,0,0
0,0,0
0,0,0.001
0.001,0.001,0.004
0,0,0
0.002,0.006,0.003
0.014,0.028,0.01
0.041,0.075,0.031
0.034,0.053,0.028
0.039,0.045,0.027
0.059,0.044,0.024
0.037,0.025,0.012
0.133,0.083,0.029
0.458,0.225,0.092
0.397,0.19,0.068
0.455,0.203,0.105
0.229,0.126,0.066
0.232,0.12,0.053
0.387,0.157,0.096
0.235,0.084,0.094
0.001,0.001,0.001
0.232,0.128,0.046
0.485,0.158,0.188
0.005,0.005,0.018
0,0.001,0.001
0.071,0.064,0.042
0.412,0.155,0.178
0,0,0
0.001,0.002,0.001
0.323,0.176,0.153
0.09,0.065,0.089
0.001,0.001,0.001
0.038,0.051,0.021
0.241,0.235,0.144
0.126,0.113,0.077
0.004,0.005,0.004
0.116,0.133,0.024
0.056,0.062,0.015
0.153,0.147,0.031
0.164,0.16,0.056
0.052,0.092,0.018
0.061,0.047,0.017
0,0,0
0.044,0.083,0.017
0.092,0.105,0.022
0.002,0.004,0.002
0.01,0.037,0.005
0.029,0.061,0.013
0.026,0.042,0.018
0,0.001,0.002
0.018,0.044,0.01
0.038,0.079,0.018
0.011,0.025,0.017
0.003,0.006,0.008
0.025,0.064,0.016
0.123,0.112,0.037
0.019,0.041,0.018
0.012,0.032,0.016
0.057,0.093,0.024
0.029,0.063,0.019
0.002,0.005,0.003
0.055,0.126,0.023
0.128,0.196,0.038
0.063,0.104,0.024
0.037,0.067,0.012
0.076,0.154,0.025
0.086,0.149,0.033
0.003,0.011,0.003
0.052,0.107,0.016
0.087,0.165,0.03
0.03,0.058,0.018
0.001,0.004,0.003
0.06,0.099,0.022
0.078,0.152,0.031
0.008,0.019,0.008
0.014,0.039,0.009
0.131,0.158,0.04
0.084,0.121,0.024
0.024,0.031,0.016
0.112,0.119,0.047
0.252,0.196,0.06
0.126,0.098,0.054
0.178,0.113,0.091
0.431,0.217,0.105
0.527,0.219,0.169
0.053,0.031,0.023
0.556,0.287,0.166
0.693,0.288,0.224
0.584,0.191,0.172
0.108,0.051,0.033
0.57,0.259,0.123
0.775,0.308,0.297
0.399,0.115,0.097
0.157,0.09,0.023
0.769,0.376,0.187
0.669,0.275,0.176
0.306,0.163,0.06
0.34,0.196,0.035
0.292,0.212,0.045
0.168,0.162,0.023
0.228,0.17,0.044
0.085,0.108,0.02
0.071,0.033,0.014
0.177,0.076,0.051
0.045,0.025,0.019
0.18,0.116,0.077
0.303,0.112,0.113
0.003,0.003,0.002
0.111,0.066,0.06
0.253,0.1,0.096
0.214,0.111,0.105
0.081,0.033,0.058
0.292,0.115,0.106
0.332,0.135,0.105
0.271,0.125,0.086
0.347,0.166,0.103
0.312,0.15,0.094
0.118,0.076,0.052
0.039,0.035,0.023
0.167,0.082,0.083
0.131,0.063,0.064
0.131,0.138,0.095
0.233,0.159,0.147
0.006,0.004,0.007
0.077,0.066,0.033
0.218,0.156,0.102
0.377,0.185,0.134
0.029,0.02,0.02
0.1,0.106,0.027
0.327,0.207,0.097
0.463,0.241,0.079
0.042,0.087,0.009
0.104,0.069,0.018
0.053,0.083,0.014
0.033,0.057,0.02
0.088,0.084,0.029
0.041,0.067,0.019
0.089,0.126,0.031
0.099,0.091,0.041
0.055,0.046,0.038
0.137,0.133,0.045
0.196,0.179,0.06
0.155,0.083,0.064
0.181,0.085,0.072
0.294,0.205,0.08
0.24,0.182,0.074
0.199,0.082,0.059
0.291,0.112,0.058
0.295,0.207,0.061
0.298,0.168,0.063
0.384,0.113,0.052
0.385,0.181,0.068
0.316,0.22,0.061
0.408,0.148,0.052
0.356,0.157,0.058
0.236,0.148,0.05
0.248,0.15,0.044
0.273,0.183,0.066
0.167,0.127,0.053
0.183,0.135,0.052
0.219,0.126,0.066
0.094,0.061,0.035
0.023,0.02,0.018
0.076,0.04,0.053
0.005,0.009,0.01
0.048,0.097,0.042
0.029,0.043,0.033
0.078,0.112,0.042
0.01,0.011,0.008
0.006,0.009,0.008
0.034,0.048,0.02
0.043,0.072,0.017
0.005,0.007,0.004
0.042,0.054,0.021
0.067,0.104,0.025
0.046,0.055,0.011
0.025,0.052,0.01
0.023,0.057,0.009
0.034,0.085,0.013
0.027,0.041,0.015
0.012,0.024,0.009
0.053,0.086,0.029
0.011,0.017,0.025
0.064,0.099,0.044
0.07,0.08,0.039
0.014,0.016,0.029
0.029,0.036,0.063
0.074,0.075,0.055
0.084,0.049,0.117
0.146,0.085,0.068
0.193,0.107,0.123
0.155,0.075,0.045
0.207,0.139,0.063
0.151,0.09,0.057
0.152,0.098,0.086
0.118,0.067,0.053
0.132,0.056,0.106
0.128,0.066,0.058
0.091,0.041,0.084
0.095,0.075,0.058
0.081,0.055,0.043
0.039,0.04,0.024
0.103,0.103,0.039
0.005,0.012,0.005
0.04,0.09,0.018
0.003,0.003,0.004
0.02,0.041,0.009
0.036,0.043,0.011
0.001,0.001,0.002
0.006,0.009,0.009
0.02,0.025,0.01
0.103,0.086,0.03
0.022,0.041,0.015
0.02,0.027,0.015
0.031,0.046,0.013
0.048,0.054,0.016
0.065,0.043,0.021
0.183,0.074,0.038
0.265,0.076,0.072
0.013,0.009,0.005
0.207,0.073,0.039
0.306,0.1,0.09
0.278,0.099,0.059
0.144,0.079,0.033
0.318,0.122,0.08
0.001,0.001,0.001
0.001,0.001,0.003
0,0.001,0.001
0,0.001,0.002
0,0.001,0.002
0.035,0.053,0.014
0.078,0.106,0.027
0,0.001,0.002
0.013,0.013,0.01
0.003,0.004,0.013
0.005,0.014,0.033
0.009,0.013,0.018
0.202,0.169,0.113
0.091,0.149,0.092
0.061,0.099,0.091
0.052,0.106,0.057
0.005,0.01,0.026
0.056,0.049,0.065
0.065,0.043,0.038
0.021,0.017,0.041
0.641,0.194,0.267
0.068,0.021,0.019
0.269,0.061,0.071
0.005,0.001,0.008
0.064,0.025,0.021
0.193,0.094,0.06
0.089,0.064,0.024
0.094,0.069,0.025
0.125,0.09,0.033
0.125,0.072,0.029
0.139,0.088,0.038
0.108,0.064,0.036
0.311,0.122,0.088
0.017,0.01,0.011
0.357,0.086,0.084
0.017,0.005,0.009
0.517,0.138,0.128
0.699,0.278,0.215
0.001,0.001,0.006
0.053,0.039,0.036
0.036,0.043,0.053
0.006,0.007,0.013
0.01,0.011,0.012
0.018,0.022,0.017
0.003,0.005,0.006
0,0.003,0.005
0,0,0.002
0.001,0.001,0.003
0.147,0.051,0.042
0.018,0.004,0.017
0.328,0.095,0.07
0.017,0.009,0.01
0.266,0.075,0.068
0.226,0.108,0.058
0.23,0.058,0.051
0.026,0.011,0.013
0.407,0.107,0.111
0.148,0.062,0.035
0.124,0.095,0.034
0.13,0.072,0.034
0.088,0.098,0.025
0.01,0.011,0.007
0.072,0.043,0.028
0.016,0.013,0.009
0.163,0.04,0.045
0.031,0.01,0.013
0.383,0.11,0.134
0.101,0.041,0.054
0.259,0.117,0.121
0.371,0.197,0.146
0.012,0.006,0.039
0.116,0.048,0.085
0.1,0.076,0.059
0.014,0.013,0.033
0.004,0.002,0.033
0.034,0.029,0.054
0.012,0.022,0.018
0.006,0.027,0.069
0.002,0.001,0.023
0.002,0.001,0.004
0.002,0.002,0.012
0.006,0.005,0.036
0.004,0.003,0.014
0,0,0
0.011,0.013,0.026
0.157,0.134,0.055
0.004,0.005,0.003
0.001,0.001,0.001
0.208,0.146,0.04
0.163,0.174,0.025
0.077,0.129,0.009
0.077,0.098,0.01
0.143,0.154,0.029
0.26,0.222,0.051
0.108,0.121,0.037
0.072,0.061,0.026
0.181,0.173,0.077
0.078,0.075,0.076
0.171,0.204,0.106
0.144,0.19,0.091
0.049,0.065,0.053
0.212,0.336,0.114
0.009,0.031,0.029
0.167,0.15,0.084
0.204,0.136,0.084
0.297,0.177,0.088
0.255,0.243,0.143
0.004,0.01,0.009
0.337,0.308,0.15
0.002,0.004,0.006
0.194,0.158,0.094
0.013,0.011,0.007
0.08,0.087,0.038
0.111,0.078,0.026
0.122,0.175,0.034
0.117,0.181,0.031
0.222,0.166,0.057
0.056,0.06,0.018
0.147,0.192,0.025
0.208,0.22,0.062
0.185,0.28,0.04
0.128,0.18,0.019
0.01,0.011,0.007
0.097,0.215,0.043
0.05,0.089,0.01
0.001,0.002,0.001
0.02,0.058,0.032
0.064,0.159,0.029
0.043,0.084,0.012
0,0.001,0.001
0.049,0.167,0.035
0.095,0.187,0.034
0.019,0.031,0.025
0.021,0.058,0.045
0.069,0.181,0.043
0.109,0.166,0.045
0.137,0.123,0.08
0.297,0.216,0.142
0.257,0.118,0.127
0.1,0.065,0.1
0.408,0.213,0.136
0.082,0.054,0.121
0.141,0.109,0.077
0.128,0.12,0.062
0.094,0.071,0.033
0.119,0.1,0.025
0.082,0.051,0.024
0.135,0.101,0.028
0.126,0.106,0.025
0.012,0.016,0.004
0.137,0.077,0.03
0.203,0.16,0.032
0.051,0.064,0.009
0.134,0.138,0.025
0.155,0.154,0.035
0.133,0.087,0.034
0.137,0.115,0.062
0.174,0.113,0.082
0.128,0.135,0.096
0.136,0.137,0.071
0.127,0.124,0.09
0.076,0.061,0.041
0.074,0.068,0.063
0.042,0.035,0.028
0.154,0.088,0.035
0.101,0.095,0.031
0.005,0.004,0.005
0.051,0.079,0.04
0.004,0.004,0.003
0.004,0.005,0.027
0.006,0.003,0.005
0.052,0.035,0.071
0.333,0.169,0.106
0.177,0.137,0.048
0.358,0.211,0.109
0.07,0.04,0.026
0.258,0.16,0.059
0.339,0.201,0.113
0.009,0.003,0.002
0.069,0.073,0.011
0.174,0.134,0.021
0.148,0.113,0.023
0.201,0.156,0.025
0.124,0.13,0.021
0.182,0.196,0.033
0.203,0.15,0.05
0.009,0.012,0.002
0.161,0.206,0.038
0.241,0.21,0.035
0.138,0.11,0.042
0.009,0.005,0.018
0.013,0.005,0.005
0.037,0.027,0.045
0.022,0.018,0.026
0.016,0.016,0.056
0.013,0.016,0.041
0.003,0.004,0.03
0.007,0.006,0.043
0.004,0.003,0.074
0.035,0.015,0.103
0.104,0.042,0.155
0.32,0.148,0.183
0.022,0.02,0.053
0.055,0.088,0.04
0.104,0.063,0.082
0.003,0.007,0.014
0.049,0.121,0.036
0.022,0.074,0.021
0.003,0.005,0.011
0.012,0.01,0.015
0.002,0.003,0.002
0.277,0.074,0.084
0.287,0.108,0.098
0.381,0.155,0.173
0.753,0.378,0.338
0.563,0.246,0.188
0.4,0.205,0.132
0.143,0.117,0.035
0.24,0.206,0.043
0.062,0.07,0.025
0.108,0.106,0.047
0.039,0.024,0.021
0.479,0.256,0.177
0.006,0.004,0.005
0.276,0.108,0.103
0.004,0.004,0.007
0.091,0.09,0.055
0.027,0.058,0.035
0.035,0.086,0.033
0.157,0.179,0.055
0.18,0.14,0.047
0.005,0.009,0.007
0.102,0.195,0.05
0.185,0.145,0.046
0.025,0.017,0.016
0.1,0.123,0.059
0.178,0.262,0.056
0.198,0.089,0.05
0.027,0.032,0.017
0.099,0.224,0.035
0.17,0.15,0.033
0.041,0.031,0.027
0.047,0.079,0.026
0.181,0.308,0.068
0.299,0.329,0.103
0.054,0.122,0.041
0.195,0.368,0.063
0.112,0.175,0.047
0.037,0.057,0.03
0.354,0.3,0.104
0.307,0.313,0.083
0.355,0.357,0.084
0.189,0.152,0.065
0.302,0.215,0.065
0.278,0.237,0.076
0.375,0.295,0.084
0.358,0.31,0.089
0.532,0.462,0.114
0.416,0.403,0.079
0.247,0.181,0.059
0.483,0.422,0.11
0.466,0.438,0.11
0.033,0.022,0.014
0.623,0.506,0.18
0.711,0.607,0.221
0.202,0.182,0.069
0.266,0.236,0.064
0.698,0.63,0.212
0.486,0.383,0.127
0.054,0.083,0.022
0.306,0.333,0.045
0.614,0.564,0.154
0.057,0.084,0.039
0.179,0.283,0.034
0.34,0.408,0.051
0.281,0.239,0.057
0.024,0.038,0.015
0.319,0.274,0.055
0.491,0.233,0.083
0.255,0.097,0.049
0.297,0.135,0.073
0.071,0.053,0.024
0.041,0.037,0.022
0.065,0.053,0.046
0.124,0.158,0.045
0.116,0.134,0.041
0.079,0.037,0.033
0.283,0.269,0.099
0.311,0.406,0.086
0.025,0.058,0.024
0.086,0.158,0.018
0.422,0.391,0.102
0.192,0.248,0.064
0.006,0.022,0.005
0.567,0.499,0.104
0.517,0.436,0.113
0.064,0.065,0.033
0.318,0.376,0.068
0.783,0.642,0.228
0.734,0.517,0.225
0.06,0.055,0.015
0.527,0.455,0.132
0.706,0.55,0.233
0.225,0.195,0.055
0.326,0.219,0.111
0.526,0.453,0.204
0.479,0.448,0.14
0.216,0.265,0.059
0.202,0.203,0.094
0.298,0.375,0.102
0.133,0.265,0.04
0.079,0.163,0.032
0.012,0.024,0.013
0.115,0.267,0.051
0.107,0.306,0.035
0.023,0.081,0.011
0.02,0.066,0.02
0.14,0.23,0.052
0.046,0.115,0.018
0.004,0.006,0.006
0.062,0.105,0.025
0.081,0.144,0.024
0.094,0.077,0.032
0.083,0.05,0.04
0.113,0.094,0.038
0.085,0.097,0.024
0.119,0.047,0.026
0.075,0.045,0.019
0.186,0.049,0.06
0.069,0.039,0.042
0.153,0.047,0.054
0.064,0.051,0.028
0.07,0.05,0.04
0.029,0.029,0.018
0.101,0.102,0.027
0.017,0.035,0.006
0.283,0.324,0.048
0.236,0.256,0.091
0.094,0.133,0.047
0.278,0.289,0.143
0.011,0.032,0.007
0,0.001,0
0.063,0.088,0.085
0.197,0.275,0.116
0,0.002,0.001
0,0,0
0.152,0.206,0.143
0.069,0.201,0.044
0.001,0.003,0.003
0.031,0.044,0.038
0.086,0.175,0.072
0.045,0.178,0.034
0.011,0.029,0.009
0.033,0.061,0.02
0.033,0.045,0.01
0.016,0.02,0.01
0.007,0.002,0.004
0.001,0.001,0.002
0,0,0
0,0,0
0.001,0.002,0.001
0.003,0.011,0.002
0.087,0.067,0.019
0.196,0.167,0.019
0.356,0.252,0.025
0.322,0.203,0.024
0.093,0.079,0.008
0.214,0.199,0.018
0.016,0.022,0.003
0.021,0.051,0.01
0,0,0
0,0.002,0.006
0,0,0
0.103,0.104,0.052
0.021,0.028,0.011
0.017,0.016,0.007
0.195,0.121,0.052
0.082,0.066,0.022
0.078,0.044,0.019
0.208,0.104,0.035
0.315,0.128,0.033
0.202,0.094,0.023
0.038,0.017,0.009
0.206,0.087,0.025
0.003,0.002,0.001
0.418,0.193,0.057
0.215,0.108,0.033
0.001,0.002,0.001
0.001,0.001,0.001
0.406,0.172,0.063
0.165,0.071,0.035
0.001,0.001,0.001
0.003,0.003,0.002
0.311,0.142,0.045
0.075,0.096,0.018
0.018,0.037,0.005
0.214,0.189,0.024
0.201,0.194,0.033
0.357,0.245,0.072
0.18,0.102,0.049
0.356,0.239,0.121
0.349,0.225,0.133
0.345,0.188,0.103
0.508,0.191,0.086
0.215,0.113,0.053
0.21,0.139,0.105
0.032,0.028,0.032
0.36,0.236,0.19
0.041,0.067,0.017
0.198,0.202,0.04
0.017,0.035,0.005
0.127,0.121,0.011
0.05,0.063,0.008
0.085,0.097,0.01
0.059,0.088,0.012
0.065,0.072,0.018
0.162,0.118,0.04
0.071,0.066,0.012
0.002,0.002,0.001
0.088,0.069,0.042
0.146,0.103,0.026
0.14,0.094,0.028
0.002,0.002,0.002
0.154,0.06,0.057
0.201,0.095,0.038
0.226,0.079,0.045
0.002,0.001,0.002
0.279,0.082,0.046
0.206,0.06,0.034
0.215,0.092,0.03
0.137,0.049,0.024
