"gene","TranscriptID","UniProtID","dna_variant_chrom","dna_variant_pos","dna_variant_ref","dna_variant_alt","dna_variant_assembly","delta_aaSeq","ann_classificationVKGL","ann_proteinIschaperoned","ann_proteinLocalization","delta_total.energy","delta_Backbone.Hbond","delta_Sidechain.Hbond","delta_Van.der.Waals","delta_Electrostatics","delta_Solvation.Polar","delta_Solvation.Hydrophobic","delta_Van.der.Waals.clashes","delta_entropy.sidechain","delta_entropy.mainchain","delta_cis_bond","delta_torsional.clash","delta_backbone.clash","delta_helix.dipole","delta_disulfide","delta_energy.Ionisation","delta_aliphaticIndex","delta_bomanIndex","delta_charge","delta_hydrophobicMoment","delta_hydrophobicity","delta_instabilityIndex","delta_molWeight","delta_massOverCharge","delta_isoElecPoint","ann_am_pathogenicity","delta_ligand_nr_of_predicted_pockets","delta_ligand_cumu_score","delta_ligand_cumu_prob","delta_ligand_cumu_sas_points","delta_ligand_cumu_surf_atoms","delta_ligand_rank1_score","delta_ligand_rank1_prob","delta_ligand_rank1_sas_points","delta_ligand_rank1_surf_atoms","delta_DNAb_total_hydrophobic_contact_score_V2","delta_DNAb_Van_der_Waals_interactions_V3","delta_DNAb_side_chain_rotation_V4","delta_DNAb_hydrogen_bonding_V5","delta_DNAb_accessible_to_solvent_area_of_protein_V6","delta_DNAb_accessible_to_solvent_area_of_ligand_V7","delta_DNAb_repulsive_interactions_V18","delta_DNAb_london_disperson_forces_V19","delta_DNAb_contact_hydrophobicity_V20","delta_DNAb_total_hydrophobicity_V21","delta_DNAb_contact_surface_tension_V22","delta_DNAb_total_surface_tension_V23","delta_DNAb_binding_affinity_pKd","delta_RNAb_total_hydrophobic_contact_score_V2","delta_RNAb_Van_der_Waals_interactions_V3","delta_RNAb_side_chain_rotation_V4","delta_RNAb_hydrogen_bonding_V5","delta_RNAb_accessible_to_solvent_area_of_protein_V6","delta_RNAb_accessible_to_solvent_area_of_ligand_V7","delta_RNAb_repulsive_interactions_V18","delta_RNAb_london_disperson_forces_V19","delta_RNAb_contact_hydrophobicity_V20","delta_RNAb_total_hydrophobicity_V21","delta_RNAb_contact_surface_tension_V22","delta_RNAb_total_surface_tension_V23","delta_RNAb_binding_affinity_pKd","delta_DNAs_cumu_prob","delta_DNAs_cumu_bin","delta_RNAs_cumu_prob","delta_RNAs_cumu_bin","delta_ProtS_cumu_prob","delta_ProtS_cumu_bin","seqFt","chain",new_classification
"ANKRD1","ENST00000371697","Q15327","10",90915574,"A","G","GRCh38","MA273T","VUS",TRUE,"intracellular",0.821339,-0.491888,-0.568573,0.915108,0.0120201,-0.484295,1.64537,-0.0518863,-0.0679289,-0.137385,0,0.0507948,-0.359017,4.8281e-09,0,0,4.2632564145606e-14,0.015423197492161,0,-1.11022302462516e-16,-0.00815047021943593,-0.742319749216282,-30.087500000016,-14.9964049999726,4.44089209850063e-15,0.0969,0,0,0,0,0,0,0,0,0,10.1900000000001,-184.59,0.5,-1,0,0,-2,-0.968000000000018,-1.61,-0.969999999999999,61.9,6.10000000000218,-0.353999999999999,-12.2099999999998,-10.7999999999993,1,0,0,0,-1,-0.110000000000014,-0.97,-0.969999999999999,6.10000000000002,6.10000000000218,-0.107100000000001,-0.117000000000001,0,0.117000000000006,1,-1.54299999999995,-3,"DOMAINS_AND_SITES|DOMAINS_AND_SITES~REPEAT|DOMAINS_AND_SITES~REPEAT~ANK","Ankyrin repeat domain-containing protein",LB
"APOA5","ENST00000227665","Q6Q788","11",116790325,"C","G","GRCh38","AA302P","VUS",FALSE,"secreted",3.64413,0.900621,0,-0.454563,0.0133448,0.190536,-0.840317,3.94205,0.328682,-0.43616,0,-5.80996e-05,-2.01471,0,0,0,-0.273224043715814,0.00494535519125439,3.5527136788005e-15,2.22044604925031e-16,-0.00928961748633927,0.526229508196742,26.0379000000175,13.0078250000151,-2.66453525910038e-15,0.8442,0,0.0900000000000034,0.004,0,0,0,0,0,0,0,-1.07100000000003,0,0,0,0,0,0,0,0.409999999999997,0,-6.79999999999927,6.99999999991263e-05,0,-0.25,0,0,0,0,0,0,0,0.409999999999997,0,-6.79999999999927,-1.00000000005096e-05,-0.181999999999995,0,0.109000000000004,0,-1.32399999999999,-1,"","Apolipoprotein A-V",LP
"CACNA1A","ENST00000360228","O00555","19",13308168,"A","T","GRCh38","LA622Q","VUS",TRUE,"membrane",2.23287,-0.273013,-0.345629,0.214721,-8.52651e-15,0.840649,1.35136,0.00109263,0.382979,0.0608,0,-9.34149e-05,-0.0918629,0,0,0,-0.155626496408615,0.00417398244213851,-7.105427357601e-15,3.33066907387547e-16,-0.00291300877893041,-0.030087789305675,14.9712999996264,7.4872599998198,-1.77635683940025e-15,0.9983,0,-1.59000000000003,-0.0679999999999996,-6,2,0,0,0,0,0,-0.100000000005821,0,0,18,0,0,0,0,-1.92000000000007,0,15,0.039999999999992,0,0,0,0,18,0,0,0,0,-1.92000000000007,0,15,0.0159999999999911,0.365000000000023,0,0.335000000000093,-1,2.90300000000005,20,"TOPOLOGY|TOPOLOGY~TRANSMEM|TOPOLOGY~TRANSMEM~Helical|DOMAINS_AND_SITES|DOMAINS_AND_SITES~REPEAT|DOMAINS_AND_SITES~REPEAT~II|STRUCTURAL|STRUCTURAL~HELIX","Voltage-dependent P/Q-type calcium channel subunit alpha-1A",LP
"COL4A4","ENST00000396625","P53420","2",227057537,"C","T","GRCh38","GA816E","VUS",FALSE,"secreted",1.36946,0,0,-0.169689,0.0403949,0.30864,-0.252022,1.3582,-0.0147781,0.0625467,0,0.036169,0,0,0,0,-4.2632564145606e-14,0.00458579881656751,-0.998224877254227,-1.11022302462516e-16,-0.00183431952662771,1.4210854715202e-14,72.0636000001687,36.010564999975,-0.0457707561287251,0.9179,0,0,0,0,0,0,0,0,0,0,-0.0200000000004366,0,0,0,0,0,0,0,-0.6400000000001,0,-24,0,0,0,0,0,0,0,0,0,0,-0.6400000000001,0,-24,0,0.220000000000002,1,-0.236000000000026,0,-3.13200000000008,-3,"DOMAINS_AND_SITES|DOMAINS_AND_SITES~REGION|DOMAINS_AND_SITES~REGION~Triple-helical region|DOMAINS_AND_SITES|DOMAINS_AND_SITES~REGION|DOMAINS_AND_SITES~REGION~Disordered","Collagen alpha-4(IV) chain",LP
"CP","ENST00000264613","P00450","3",149212523,"G","A","GRCh38","HA108Y","VUS",TRUE,"secreted",-0.599046,-0.0112991,1.15652,-0.0332839,0.00862577,-0.818598,-0.577502,0.0332464,-0.186569,-0.0718535,0,0.0353875,-9.09495e-14,0,0,-0.13372,-2.8421709430404e-14,-0.00424413145539937,-0.0917595051273707,4.44089209850063e-16,0.00178403755868584,-0.0707981220657743,26.0349000004353,13.0022099999769,-0.049224771783968,0.1278,0,0,0,0,0,0,0,0,0,0,-0.0999999999985448,0,0,0,0,0,0,0,0.829999999999927,0,0.30000000000291,-0.000299999999995748,0,-0.0999999999985448,0,0,0,0,0,0,0,0.829999999999927,0,0.30000000000291,-0.000130000000000408,-0.344000000000001,-1,0.361999999999991,0,0.346000000000018,-1,"DOMAINS_AND_SITES|DOMAINS_AND_SITES~DOMAIN|DOMAINS_AND_SITES~DOMAIN~Plastocyanin-like|STRUCTURAL|STRUCTURAL~STRAND","Ceruloplasmin",LB
"ECEL1","ENST00000304546","O95672","2",232480170,"T","C","GRCh38","KA771E","VUS",TRUE,"membrane",4.205,1.63268,3.20074,1.63746,0.37064,-3.58683,1.97903,-0.0701671,-1.0146,0.107479,0,0.0540686,-0.513485,-0.105499,0,0,0,0.00162580645161392,-1.99792984340219,-1.11022302462516e-16,0.000516129032258117,0.261419354838708,0.941399999996065,0.473815000041213,-0.167755702437427,0.8982,1,0.95999999999998,-4.44089209850063e-16,22,13,0,0,0,0,0,1.59999999999854,0,0,43.1000000000058,0,0,0,0,0.349999999999966,0,8,0.0584800000000003,18,86.3000000000029,0,0,43.1000000000058,0,-5,-1.298,0.989999999999998,0.349999999999966,-47.8000000000002,8,-0.101199999999999,0.0679999999999983,0,-0.178999999999997,0,-0.69199999999995,-2,"TOPOLOGY|TOPOLOGY~TOPO_DOM|TOPOLOGY~TOPO_DOM~Lumenal|DOMAINS_AND_SITES|DOMAINS_AND_SITES~DOMAIN|DOMAINS_AND_SITES~DOMAIN~Peptidase M13","Endothelin-converting enzyme-like",LP
"LIPC","ENST00000299022","P11150","15",58563663,"C","G","GRCh38","PA443R","VUS",FALSE,"secreted",0.291798,0.00729506,-1.6772,-0.498046,-0.0736074,0.595152,-0.52871,-0.0150752,1.88188,0.636509,0,0.0583932,0.0124124,-0.0947916,0,-1.77636e-16,4.2632564145606e-14,0.0298997995992016,0.999996688699767,-4.44089209850063e-16,-0.00581162324649329,1.29899799599203,59.070799999965,29.5241749999841,0.112296940976304,0.079,0,0.329999999999998,0.0179999999999998,1,-1,0,0,0,0,0,-0.200000000000728,0,0,0,0,0,0,0,-1.72999999999999,0,-5.20000000000073,-0.00020000000000131,0,-2.10000000000036,0,0,0,0,0,0,0,-1.72999999999999,0,-5.20000000000073,-0.00109999999999921,0.498999999999997,2,-0.508000000000008,0,1.417,0,"DOMAINS_AND_SITES|DOMAINS_AND_SITES~DOMAIN|DOMAINS_AND_SITES~DOMAIN~PLAT","Hepatic triacylglycerol lipase",LB
"LPL","ENST00000650287","P06858","8",19959376,"A","G","GRCh38","TA379A","VUS",TRUE,"secreted",0.496592,0.0446746,0,0.433494,0,-0.490519,0.60538,5.80037e-06,-0.248645,0.157151,0,-0.00494873,-0.0875001,0,0,0,0.210526315789437,-0.00922105263157857,-1.77635683940025e-15,1.11022302462516e-16,0.00526315789473664,0,-30.0263000000195,-15.0052850000466,3.5527136788005e-15,0.0878,0,0,0,0,0,0,0,0,0,0,1.30000000000109,0,0,0,0,0,0,0,0.0500000000000114,0,-1.29999999999927,0.000999999999999446,0,4.19999999999891,0,0,0,0,0,0,0,0.0500000000000114,0,-1.29999999999927,0.00260000000000105,-0.0800000000000027,0,-0.460999999999988,-1,-2.45000000000001,-13,"DOMAINS_AND_SITES|DOMAINS_AND_SITES~DOMAIN|DOMAINS_AND_SITES~DOMAIN~PLAT|STRUCTURAL|STRUCTURAL~STRAND","Lipoprotein lipase",LB
"MPZ","ENST00000533357","P25189","1",161306116,"C","G","GRCh38","GA213R","VUS",FALSE,"membrane",3.39904,0.0533332,0.0608332,-0.630255,0.305588,0.338166,-1.0452,1.44366,0.384802,1.73077,0,0.757349,0,0,0,0,-1.4210854715202e-14,0.0639516129032243,0.999996688699724,3.33066907387547e-16,-0.0165322580645161,4.9616935483871,99.1356000000087,49.5398249999926,0.0863279817914009,0.5077,0,0,0,0,0,0,0,0,0,0,-0.0100000000002183,0,0,88.1999999999971,0,0,0,0,-1.01000000000001,0,-33.1000000000004,0.0237000000000016,0,-0.0099999999999909,0,0,88.1999999999971,0,0,0,0,-1.01000000000001,0,-33.1000000000004,0.00789999999999935,-0.724999999999996,2,-0.601999999999995,0,2.99699999999999,9,"TOPOLOGY|TOPOLOGY~TOPO_DOM|TOPOLOGY~TOPO_DOM~Cytoplasmic","Myelin protein P0",LB
"PCSK9","ENST00000302118","Q8NBP7","1",55059640,"A","G","GRCh38","HA553R","VUS",TRUE,"secreted",-0.284796,-1.13687e-14,-0.557519,0.134697,0.142116,-0.257616,0.0896558,0.00514511,0.180737,-0.0466595,0,0.0753562,-0.00957203,0,0,-0.0507079,1.4210854715202e-14,0.014826589595375,0.9090875977907,4.44089209850063e-16,-0.00187861271676271,-0.192774566474014,19.0463999999774,9.52110000000539,0.0344922847734139,0.054,-1,-1.7,-0.024,-18,-16,0,0,0,0,0,0.69999999999709,0,0,0,0,0,0,0,-1.14000000000004,0,-13.0999999999985,0.000740000000000407,0,0.200000000000728,0,0,0,0,0,0,0,-1.14000000000004,0,-13.0999999999985,9.99999999997669e-05,0.121999999999995,-1,0.357999999999999,0,-0.066000000000038,-1,"DOMAINS_AND_SITES|DOMAINS_AND_SITES~REGION|DOMAINS_AND_SITES~REGION~C-terminal domain","Proprotein convertase subtilisin/kexin type",LB
"PRSS1","ENST00000311737","P07477","7",142750675,"A","G","GRCh38","NA54S","VUS",TRUE,"secreted",0.456348,0.0655014,0.000750959,0.907237,0.000574503,-1.39494,1.07489,-0.0763977,-0.217928,0.0853076,0,0.0113522,-0.305663,0,0,0,2.8421709430404e-14,-0.0131174089068851,-1.77635683940025e-15,-4.44089209850063e-16,0.0109311740890686,0.779757085020268,-27.0255999999936,-13.5054500000115,-2.66453525910038e-15,0.0703,1,0.81,0.002,25,12,0,0,0,0,0,6.03000000000065,0,0,0,0,0,0,0,0.560000000000002,0,5.70000000000073,0.00439999999999863,0,0.660000000000082,0,0,0,0,0,0,0,0.560000000000002,0,5.70000000000073,-9.99999999962142e-06,-0.0429999999999993,0,-0.0410000000000017,0,0.298000000000023,0,"DOMAINS_AND_SITES|DOMAINS_AND_SITES~DOMAIN|DOMAINS_AND_SITES~DOMAIN~Peptidase S1|STRUCTURAL|STRUCTURAL~STRAND","Serine protease|Alpha-trypsin chain|Alpha-trypsin chain",LB
"WNT7B","ENST00000339464","P56706","22",45931337,"T","G","GRCh38","TA111P","VUS",FALSE,"secreted",4.59537,1.65092,0.508474,-0.023475,1.88972e-11,-0.914173,-0.579296,4.98193,-0.262468,-0.702835,0,-0.0637019,-2.47961,0,0,0,2.8421709430404e-14,-0.0073638968481391,7.105427357601e-15,4.44089209850063e-16,-0.0025787965616047,0.469340974212031,-3.98840000001655,-1.99745999999141,3.5527136788005e-15,0.8017,0,0.800000000000001,0.0419999999999999,2,0,0.82,0.042,2,0,0,-0.729999999999563,0,0,0,0,0,0,0,0.459999999999994,0,-8.09999999999854,-0.000400000000000844,0,-0.208000000000027,0,0,0,0,0,0,0,0.459999999999994,0,-8.09999999999854,0,-0.430999999999996,0,1.236,1,-2.57400000000004,-5,"","Protein Wnt-7b",LP
